{
    "ALICATE": "Alicate",
    "Alcaravanes": "Alcaravanes",
    "Alejandría": "Alejandría",
    "Almerias": "Almerías",
    "Alto Bonito": "Alto Bonito",
    "Andes": "Andes",
    "Antioquia": "Antioquia",
    "Asdesillas": "Asdesillas",
    "Autopista": "Autopista",
    "BARRIO SANTAFE": "Santa Fe",
    "BELENCITO": "Belencito",
    "BULERIAS": "Bulerías",
    "Barbosa": "Barbosa",
    "Barro Blanco": "Barro Blanco",
    "Benedictinos": "Benedictinos",
    "Bolivariana": "Bolivariana",
    "Boyaca las Brisas": "Boyacá Las Brisas",
    "CALASANIA": "Calasania",
    "CAMPOAMOR": "Campo Amor",
    "COLON": "Colón",
    "Caicedo": "Caicedo",
    "Calle Larga": "Calle Larga",
    "Caribe": "Caribe",
    "Carlos E. Restrepo": "Carlos E. Restrepo",
    "Carmen": "Carmen",
    "Carmen De Viboral": "Carmen de Viboral",
    "Central": "Central",
    "Cerca exito de Colombia": "Exito Colombia",
    "Cervantes": "Cervantes",
    "Cimarronas": "Cimarronas",
    "Cucaracho": "Cucaracho",
    "DIEGO ECHAVARRIA": "Diego Echavarría",
    "EL CARMEN COLONIAL": "El Carmen Colonial",
    "EL SALVADOR": "El Salvador",
    "El Campestre La Frontera": "El Campestre",
    "El Carmelo": "El Carmelo",
    "El Carmen de Viboral": "Carmen de Viboral",
    "El Nogal  Los Almendros": "El Nogal - Los Almendros",
    "El Retiro": "El Retiro",
    "El Salvador": "El Salvador",
    "Ferreria": "Ferrería",
    "Fisebad": "Fisebad",
    "Fontibon": "Fontibón",
    "Francisco Antonio Zea": "Francisco Antonio Zea",
    "Girardota": "Girardota",
    "Granada": "Granada",
    "LA MILAGROSA": "La Milagrosa",
    "La 33": "La 33",
    "La Abadia": "La Abadía",
    "La Aldea": "La Aldea",
    "La Calera": "La Calera",
    "La Ceja": "La Ceja",
    "La Colina": "La Colina",
    "La Frontera  Campestre": "La Frontera",
    "La Heredia": "La Heredia",
    "La Nubia": "La Nubia",
    "La Sabana": "La Sabana",
    "La Union": "La Unión",
    "Las Cometas": "Las Cometas",
    "Loma De Los Parra": "Loma de los Parra",
    "Loma De San Julián": "Loma de San Julián",
    "Loma Los Bernal": "Loma de los Bernal",
    "Loma del Barro": "Loma del Barro",
    "Los Balsos": "Los Balsos",
    "Los Colegios": "Los Colegios",
    "Los Naranjos": "Los Naranjos",
    "Los Pinos": "Los Pinos",
    "Lourdes": "Lourdes",
    "MILAN": "Milán",
    "MIRANDA": "Miranda",
    "Manila": "Manila",
    "Manzanares": "Manzanares",
    "Milagrosa": "Milagrosa",
    "NIQUIA": "Niquía",
    "Naranjal": "Naranjal",
    "Niquia": "Niquía",
    "Otra Parte": "Otraparte",
    "PARTE BAJA": "Parte Baja",
    "PLAYAS DE MARIA": "Playas de María",
    "Pajarito": "Pajarito",
    "Palace": "Palacé",
    "Parque Berrio": "Parque Berrío",
    "Payuco": "Payuco",
    "Pedregal": "Pedregal",
    "Primavera": "Primavera",
    "Provenza": "Provenza",
    "RESTREPO NARANJO": "Restrepo Naranjo",
    "RINCON SANTOS": "Rincón Santos",
    "Retiro": "Retiro",
    "SAN AGUSTIN": "San Agustín",
    "Sajonia": "Sajonia",
    "San Bernardo": "San Bernardo",
    "San Germán": "San Germán",
    "San Mateo": "San Mateo",
    "San Sebastian de Palmitas": "San Sebastián de Palmitas",
    "San Vicente Ferrer": "San Vicente Ferrer",
    "Santa Cruz": "Santa Cruz",
    "Santa Lucia": "Santa Lucía",
    "Santa Teresita": "Santa Teresita",
    "Santafe De Antioquia": "Santa Fe de Antioquia",
    "Semillitas": "Semillitas",
    "Sevilla": "Sevilla",
    "Señorial": "Señorial",
    "Simón Bolívar Medellín": "Simón Bolívar",
    "Sopetran": "Sopetrán",
    "Suramericana": "Suramericana",
    "Taparto": "Tapartó",
    "Terminal Del Sur": "Terminal del Sur",
    "Toscana": "Toscana",
    "Tranvia": "Tranvía",
    "VEREDA YARUMAL": "Vereda Yarumal",
    "Vereda Ojo De Agua": "Vereda Ojo de Agua",
    "Villagrande": "Villagrande"
}